dataset,K,gate,mode,n,seeds,mrr_mean,mrr_sd,mrr_mean_x100,mrr_sd_x100,hits1_mean,hits1_sd,hits1_mean_x100,hits1_sd_x100,hits3_mean,hits3_sd,hits3_mean_x100,hits3_sd_x100,hits10_mean,hits10_sd,hits10_mean_x100,hits10_sd_x100
ICEWS14,5,gateoff,rationale,10,"42,43,44,45,46,47,48,49,50,51",0.41796844267800437,0.002262292336372314,41.79684426780044,0.2262292336372314,0.3207434540767874,0.0028270609256136614,32.07434540767874,0.28270609256136614,0.47167955501288833,0.0022083219053447914,47.16795550128883,0.22083219053447914,0.595991045991046,0.003011689274973828,59.5991045991046,0.30116892749738283
ICEWS14,5,gateoff,semantic_off,10,"42,43,44,45,46,47,48,49,50,51",0.41246229788210764,0.0023687955228370895,41.24622978821076,0.23687955228370894,0.31486229819563155,0.003070963239156515,31.486229819563157,0.3070963239156515,0.4654727988061321,0.002117493740052126,46.54727988061321,0.21174937400521263,0.5925518925518926,0.003389589195707259,59.25518925518926,0.33895891957072594
ICEWS14,10,gateoff,rationale,10,"42,43,44,45,46,47,48,49,50,51",0.4203435929401097,0.0017573915217926261,42.03435929401097,0.17573915217926261,0.3241961741961742,0.0022961269519060066,32.41961741961742,0.22961269519060065,0.47394519061185725,0.0026599478615671173,47.394519061185726,0.26599478615671174,0.596072446072446,0.0022849666611241284,59.6072446072446,0.22849666611241284
ICEWS14,10,gateoff,semantic_off,10,"42,43,44,45,46,47,48,49,50,51",0.4145477379367825,0.0021776718925010114,41.45477379367825,0.21776718925010113,0.31753493420160084,0.0029041798599509874,31.753493420160083,0.2904179859950987,0.4681115181115181,0.0029715279749542678,46.81115181115181,0.2971527974954268,0.5921923755257089,0.0024633582343806977,59.21923755257089,0.24633582343806976
ICEWS14,10,gateon,rationale,10,"42,43,44,45,46,47,48,49,50,51",0.41639091295478736,0.0024230974965189,41.639091295478735,0.24230974965189,0.3195902862569529,0.002506717235866402,31.95902862569529,0.2506717235866402,0.469339302672636,0.003083913289208017,46.933930267263605,0.30839132892080173,0.5936914936914937,0.003815028317158271,59.36914936914937,0.3815028317158271
ICEWS14,10,gateon,semantic_off,10,"42,43,44,45,46,47,48,49,50,51",0.40970531224110185,0.002625815780255492,40.97053122411018,0.26258157802554916,0.31189797856464524,0.0027790545946613458,31.189797856464523,0.2779054594661346,0.46314611314611315,0.0032045728483071217,46.31461131461131,0.3204572848307122,0.5900149233482567,0.0038456214307579233,59.00149233482567,0.38456214307579234
YAGO,5,gateoff,rationale,10,"42,43,44,45,46,47,48,49,50,51",0.877456382436155,0.003332486011617833,87.7456382436155,0.3332486011617833,0.8458728652751424,0.0053440320301079225,84.58728652751424,0.5344032030107922,0.9059347847797863,0.002182030823491795,90.59347847797864,0.21820308234917948,0.9179591531009688,0.001747071937170723,91.79591531009687,0.1747071937170723
YAGO,5,gateoff,semantic_off,10,"42,43,44,45,46,47,48,49,50,51",0.8745263562923006,0.004280834792226605,87.45263562923006,0.42808347922266055,0.840859382802357,0.0073362425687150965,84.0859382802357,0.7336242568715097,0.9054179566563467,0.00216563905989869,90.54179566563467,0.21656390598986902,0.917926695296115,0.0017373056243387569,91.7926695296115,0.1737305624338757
YAGO,10,gateoff,rationale,10,"42,43,44,45,46,47,48,49,50,51",0.8779221293911016,0.003226701219836666,87.79221293911016,0.3226701219836666,0.8470663137920703,0.005800751108539182,84.70663137920702,0.5800751108539182,0.9059472685508838,0.0018562751492101697,90.59472685508838,0.18562751492101698,0.9169604514131628,0.001170516557847505,91.69604514131629,0.1170516557847505
YAGO,10,gateoff,semantic_off,10,"42,43,44,45,46,47,48,49,50,51",0.8754461815742707,0.004611082824947331,87.54461815742707,0.46110828249473307,0.8428792569659442,0.00801165509931677,84.28792569659443,0.801165509931677,0.905462898232298,0.0020168046402091275,90.5462898232298,0.20168046402091275,0.9168555877359432,0.0011568264613278098,91.68555877359432,0.11568264613278098
