dataset,K,gate,seed,queries_per_seed,mode,mrr,hits1,hits3,hits10
ICEWS14,10,gateoff,42,14742,semantic_off,0.41479826119673496,0.32037715371048703,0.4654727988061321,0.5902184235517569
ICEWS14,10,gateoff,42,14742,rationale,0.42046664357581714,0.3256681590014923,0.47205263871930536,0.5939492606159272
ICEWS14,10,gateoff,43,14742,semantic_off,0.41057852865131533,0.31169447836114506,0.46506579839913176,0.590964590964591
ICEWS14,10,gateoff,43,14742,rationale,0.417251323378183,0.31997015330348666,0.47083163749830415,0.594017094017094
ICEWS14,10,gateoff,44,14742,semantic_off,0.41858496836060066,0.320648487315154,0.47381630714964046,0.5943562610229277
ICEWS14,10,gateoff,44,14742,rationale,0.4238035021948907,0.3279744946411613,0.47747931081264416,0.5970695970695971
ICEWS14,10,gateoff,45,14742,semantic_off,0.4144161672361192,0.31868131868131866,0.4668973002306336,0.5900827567494235
ICEWS14,10,gateoff,45,14742,rationale,0.4202209077444846,0.3241758241758242,0.47415547415547415,0.5961199294532628
ICEWS14,10,gateoff,46,14742,semantic_off,0.41480525115253447,0.3181386514719848,0.46852530185863517,0.5924569257902591
ICEWS14,10,gateoff,46,14742,rationale,0.4209153997940149,0.32553249219915886,0.4742233075566409,0.5959164292497626
ICEWS14,10,gateoff,47,14742,semantic_off,0.4131383283460051,0.3185456518789852,0.46438746438746437,0.5884547551214218
ICEWS14,10,gateoff,47,14742,rationale,0.41867588653146065,0.32512549179215844,0.46961063627730293,0.5929317595984263
ICEWS14,10,gateoff,48,14742,semantic_off,0.4134354236950186,0.31610364943698277,0.46676163342830007,0.5934065934065934
ICEWS14,10,gateoff,48,14742,rationale,0.41999893799452603,0.3230226563559897,0.47327363994030663,0.597612264278931
ICEWS14,10,gateoff,49,14742,semantic_off,0.41403493766376015,0.31454348121014786,0.47056030389363723,0.5923890923890924
ICEWS14,10,gateoff,49,14742,rationale,0.42011794507592565,0.3218694885361552,0.4754443087776421,0.5960520960520961
ICEWS14,10,gateoff,50,14742,semantic_off,0.41449381854858425,0.3161714828381495,0.4689323022656356,0.5971374304707638
ICEWS14,10,gateoff,50,14742,rationale,0.41996508300276936,0.322954822954823,0.47442680776014107,0.6010717677384344
ICEWS14,10,gateoff,51,14742,semantic_off,0.41719169451715216,0.32044498711165376,0.4706959706959707,0.5924569257902591
ICEWS14,10,gateoff,51,14742,rationale,0.4220203001090252,0.3256681590014923,0.47795414462081126,0.5959842626509293
ICEWS14,5,gateoff,42,14742,semantic_off,0.4111472681237258,0.3147469814136481,0.46526929860263194,0.5882512549179216
ICEWS14,5,gateoff,42,14742,rationale,0.41706369792414166,0.3211911545244879,0.47117080450413784,0.5919142585809253
ICEWS14,5,gateoff,43,14742,semantic_off,0.4102484677116856,0.31250847917514585,0.4648622981956315,0.5894722561389228
ICEWS14,5,gateoff,43,14742,rationale,0.4161524974884663,0.3191561524894858,0.47083163749830415,0.5933387600054266
ICEWS14,5,gateoff,44,14742,semantic_off,0.4122144879058977,0.31515398182064847,0.4645909645909646,0.5898114231447564
ICEWS14,5,gateoff,44,14742,rationale,0.4185025402297748,0.3218016551349885,0.47259530592863924,0.5947632614299281
ICEWS14,5,gateoff,45,14742,semantic_off,0.41651586340217583,0.32058065391398727,0.4681861348528015,0.5931352598019265
ICEWS14,5,gateoff,45,14742,rationale,0.4206610052332221,0.3241758241758242,0.4734771401438068,0.5979514312847646
ICEWS14,5,gateoff,46,14742,semantic_off,0.41517671918550664,0.3170533170533171,0.4671686338353005,0.5966625966625967
ICEWS14,5,gateoff,46,14742,rationale,0.4221812603998545,0.32492199158865825,0.4745624745624746,0.5999185999186
ICEWS14,5,gateoff,47,14742,semantic_off,0.4091702174273468,0.3102699769366436,0.4613349613349613,0.5959164292497626
ICEWS14,5,gateoff,47,14742,rationale,0.4149802292855033,0.31644281644281647,0.4675078008411342,0.5974087640754308
ICEWS14,5,gateoff,48,14742,semantic_off,0.4124206531093515,0.3141364808031475,0.46703296703296704,0.5890652557319224
ICEWS14,5,gateoff,48,14742,rationale,0.41737094501300337,0.32112332112332115,0.4704924704924705,0.5918464251797585
ICEWS14,5,gateoff,49,14742,semantic_off,0.41467638394178424,0.3162393162393162,0.4672364672364672,0.5965947632614299
ICEWS14,5,gateoff,49,14742,rationale,0.4196249386322415,0.3214624881291548,0.47435897435897434,0.5999185999186
ICEWS14,5,gateoff,50,14742,semantic_off,0.4104048078440871,0.3110839777506444,0.466015466015466,0.5955094288427621
ICEWS14,5,gateoff,50,14742,rationale,0.41596487334899906,0.31630714964048295,0.4721883055216389,0.5974765974765974
ICEWS14,5,gateoff,51,14742,semantic_off,0.41264811016951486,0.31684981684981683,0.4630307963641297,0.5911002577669244
ICEWS14,5,gateoff,51,14742,rationale,0.4171824392248374,0.3208519875186542,0.46961063627730293,0.5953737620404287
YAGO,10,gateoff,42,40052,semantic_off,0.880893603236069,0.852916208928393,0.9057724957555179,0.916208928393089
YAGO,10,gateoff,42,40052,rationale,0.8814812688904416,0.8538899430740038,0.9057974632977129,0.9162588634774793
YAGO,10,gateoff,43,40052,semantic_off,0.8646891583495812,0.8251273344651953,0.9018026565464896,0.916883052032358
YAGO,10,gateoff,43,40052,rationale,0.8699733526335547,0.8334165584739838,0.9037001897533207,0.9176820133826026
YAGO,10,gateoff,44,40052,semantic_off,0.871802040304955,0.8357884749825227,0.9057475282133227,0.9180565265155298
YAGO,10,gateoff,44,40052,rationale,0.8758865469771843,0.8425047438330171,0.9066713272745431,0.9181314291421152
YAGO,10,gateoff,45,40052,semantic_off,0.8799616097774434,0.8497453310696095,0.9076200938779586,0.9175571756716269
YAGO,10,gateoff,45,40052,rationale,0.8805067532509118,0.8508439029261959,0.9076450614201538,0.9176071107560172
YAGO,10,gateoff,46,40052,semantic_off,0.876780338484361,0.8455258164386298,0.9046988914411266,0.9163337661040647
YAGO,10,gateoff,46,40052,rationale,0.8779242150435429,0.8475731548986318,0.9047987616099071,0.916383701188455
YAGO,10,gateoff,47,40052,semantic_off,0.8741150544110103,0.8389843203835015,0.9076200938779586,0.9193548387096774
YAGO,10,gateoff,47,40052,rationale,0.8771560324845304,0.8443024068710676,0.9080695096374712,0.9193049036252872
YAGO,10,gateoff,48,40052,semantic_off,0.876682279544019,0.8442275042444821,0.9073953859982024,0.9164336362728454
YAGO,10,gateoff,48,40052,rationale,0.8799543537946014,0.8496953959852193,0.9079946070108859,0.9164336362728454
YAGO,10,gateoff,49,40052,semantic_off,0.8780164970979427,0.8490961749725358,0.9024518126435633,0.9163337661040647
YAGO,10,gateoff,49,40052,rationale,0.8789545175386447,0.8507440327574154,0.9025267152701488,0.9163087985618695
YAGO,10,gateoff,50,40052,semantic_off,0.8762177171596433,0.8441526016178967,0.905472885249176,0.9155597722960152
YAGO,10,gateoff,50,40052,rationale,0.878516708585415,0.8485219215020473,0.9055228203335663,0.9155847398382103
YAGO,10,gateoff,51,40052,semantic_off,0.8753035173776818,0.8432288025566763,0.9060471387196645,0.9158344152601617
YAGO,10,gateoff,51,40052,rationale,0.878867544712189,0.8491710775991211,0.9067462299011285,0.9159093178867472
YAGO,5,gateoff,42,40052,semantic_off,0.8678776236862201,0.8285978228303206,0.903575352042345,0.9190052931189454
YAGO,5,gateoff,42,40052,rationale,0.8729312851353433,0.8377609108159393,0.9038250274642964,0.919105163287726
YAGO,5,gateoff,43,40052,semantic_off,0.8716258015283007,0.8342654549086188,0.9082692499750324,0.9181314291421152
YAGO,5,gateoff,43,40052,rationale,0.8768311347229696,0.8430789973035054,0.9091680814940577,0.918256266853091
YAGO,5,gateoff,44,40052,semantic_off,0.8782279799346575,0.8478727654049736,0.905472885249176,0.9181064615999202
YAGO,5,gateoff,44,40052,rationale,0.8797075693999928,0.8504444222510736,0.9056726255867372,0.9181314291421152
YAGO,5,gateoff,45,40052,semantic_off,0.8756213507744824,0.8423299710376511,0.9061719764306402,0.9177818835513832
YAGO,5,gateoff,45,40052,rationale,0.8780784039192,0.846749226006192,0.9064965544791771,0.9178318186357735
YAGO,5,gateoff,46,40052,semantic_off,0.8687050228761387,0.8330170777988615,0.9019025267152702,0.9136622390891841
YAGO,5,gateoff,46,40052,rationale,0.8713045576375401,0.837361430140817,0.902376910016978,0.9137121741735743
YAGO,5,gateoff,47,40052,semantic_off,0.8786208027944887,0.8487216618396085,0.9057475282133227,0.9169829222011385
YAGO,5,gateoff,47,40052,rationale,0.880400779912089,0.8516428642764406,0.9062219115150305,0.9168580844901628
YAGO,5,gateoff,48,40052,semantic_off,0.8787582687968563,0.846923998801558,0.9075951263357636,0.9202287026865076
YAGO,5,gateoff,48,40052,rationale,0.8811916996962343,0.8507440327574154,0.9084190552282033,0.9202287026865076
YAGO,5,gateoff,49,40052,semantic_off,0.8747963383538033,0.8432787376410666,0.9023269749325876,0.9190302606611405
YAGO,5,gateoff,49,40052,rationale,0.8769840565039304,0.8466493558374114,0.9034005792469789,0.919105163287726
YAGO,5,gateoff,50,40052,semantic_off,0.8791771581158796,0.8477728952361929,0.907170678118446,0.9184809747328473
YAGO,5,gateoff,50,40052,rationale,0.8808550901984762,0.8509188055527814,0.907345450913812,0.9185059422750425
YAGO,5,gateoff,51,40052,semantic_off,0.8718532160621782,0.8358134425247179,0.9059472685508838,0.9178567861779686
YAGO,5,gateoff,51,40052,rationale,0.8762792472357736,0.8433786078098472,0.9064216518525916,0.9178567861779686
ICEWS14,10,gateon,42,14742,semantic_off,0.4111642613271774,0.3148148148148148,0.4624881291547958,0.5895400895400895
ICEWS14,10,gateon,42,14742,rationale,0.4183040132072753,0.322954822954823,0.46981413648080317,0.595034595034595
ICEWS14,10,gateon,43,14742,semantic_off,0.406877819085876,0.30952380952380953,0.4604531271197938,0.5865554198887533
ICEWS14,10,gateon,43,14742,rationale,0.4130016881745789,0.31610364943698277,0.4658119658119658,0.589675756342423
ICEWS14,10,gateon,44,14742,semantic_off,0.40877502592039466,0.3114231447564781,0.46377696377696376,0.5866232532899199
ICEWS14,10,gateon,44,14742,rationale,0.41580329235592295,0.3197666530999864,0.47001763668430335,0.5903540903540904
ICEWS14,10,gateon,45,14742,semantic_off,0.4095485660587291,0.31277981277981276,0.4599104599104599,0.5857414190747524
ICEWS14,10,gateon,45,14742,rationale,0.4151194523402989,0.31929181929181927,0.46472663139329806,0.5879799213132546
ICEWS14,10,gateon,46,14742,semantic_off,0.41571354516405895,0.3167819834486501,0.4692714692714693,0.597340930674264
ICEWS14,10,gateon,46,14742,rationale,0.4209940561385327,0.3224121557454891,0.47476597476597476,0.6001899335232669
ICEWS14,10,gateon,47,14742,semantic_off,0.40880513731445584,0.31162664495997827,0.4592321258987926,0.5907610907610907
ICEWS14,10,gateon,47,14742,rationale,0.415334103415551,0.31929181929181927,0.46649029982363316,0.5945597612264278
ICEWS14,10,gateon,48,14742,semantic_off,0.4072776893420488,0.30748880748880747,0.46370913037579703,0.5953737620404287
ICEWS14,10,gateon,48,14742,rationale,0.41487401345125996,0.31684981684981683,0.46967846967846966,0.5982905982905983
ICEWS14,10,gateon,49,14742,semantic_off,0.4119088751992345,0.3141364808031475,0.4666259666259666,0.590421923755257
ICEWS14,10,gateon,49,14742,rationale,0.4192295712482401,0.32288698955365625,0.47178130511463845,0.5947632614299281
ICEWS14,10,gateon,50,14742,semantic_off,0.40802522127441593,0.3098629765296432,0.4609279609279609,0.5905575905575906
ICEWS14,10,gateon,50,14742,rationale,0.4146512541491621,0.3170533170533171,0.4683896350563017,0.5942884276217609
ICEWS14,10,gateon,51,14742,semantic_off,0.40895698172462736,0.31054131054131057,0.46506579839913176,0.5872337539004205
ICEWS14,10,gateon,51,14742,rationale,0.41659768506705197,0.31929181929181927,0.4719169719169719,0.5917785917785918
